<?xml version="1.0" encoding="UTF-8"?>
<project-private xmlns="http://www.netbeans.org/ns/project-private/1">
    <editor-bookmarks xmlns="http://www.netbeans.org/ns/editor-bookmarks/2" lastBookmarkId="0"/>
    <open-files xmlns="http://www.netbeans.org/ns/projectui-open-files/2">
        <group>
            <file>file:/C:/Users/ADMIND/Desktop/PRJ/PRJ301/WorkShop1/src/java/dao/ProjectDAO.java</file>
            <file>file:/C:/Users/ADMIND/Desktop/PRJ/PRJ301/WorkShop1/web/login.jsp</file>
            <file>file:/C:/Users/ADMIND/Desktop/PRJ/PRJ301/WorkShop1/web/projectForm.jsp</file>
            <file>file:/C:/Users/ADMIND/Desktop/PRJ/PRJ301/WorkShop1/web/footer.jsp</file>
            <file>file:/C:/Users/ADMIND/Desktop/PRJ/PRJ301/WorkShop1/web/header.jsp</file>
            <file>file:/C:/Users/ADMIND/Desktop/PRJ/PRJ301/WorkShop1/src/java/controller/MainController.java</file>
            <file>file:/C:/Users/ADMIND/Desktop/PRJ/PRJ301/WorkShop1/web/search.jsp</file>
            <file>file:/C:/Users/ADMIND/Desktop/PRJ/PRJ301/WorkShop1/src/java/utils/AuthUtils.java</file>
            <file>file:/C:/Users/ADMIND/Desktop/PRJ/PRJ301/WorkShop1/src/java/dto/ProjectDTO.java</file>
        </group>
    </open-files>
</project-private>
